{
    "name": "root",
    "gauges": {
        "FTG_ten_00.Policy.Entropy.mean": {
            "value": 0.5529405474662781,
            "min": 0.5468114018440247,
            "max": 1.7352384328842163,
            "count": 100
        },
        "FTG_ten_00.Policy.Entropy.sum": {
            "value": 27669.14453125,
            "min": 27325.259765625,
            "max": 86791.421875,
            "count": 100
        },
        "FTG_ten_00.Environment.EpisodeLength.mean": {
            "value": 103.36897274633124,
            "min": 57.56791569086651,
            "max": 254.43076923076924,
            "count": 100
        },
        "FTG_ten_00.Environment.EpisodeLength.sum": {
            "value": 49307.0,
            "min": 49163.0,
            "max": 50031.0,
            "count": 100
        },
        "FTG_ten_00.Step.mean": {
            "value": 4999980.0,
            "min": 49984.0,
            "max": 4999980.0,
            "count": 100
        },
        "FTG_ten_00.Step.sum": {
            "value": 4999980.0,
            "min": 49984.0,
            "max": 4999980.0,
            "count": 100
        },
        "FTG_ten_00.Policy.ExtrinsicValueEstimate.mean": {
            "value": 47.26009750366211,
            "min": -15.618741989135742,
            "max": 47.26009750366211,
            "count": 100
        },
        "FTG_ten_00.Policy.ExtrinsicValueEstimate.sum": {
            "value": 48583.37890625,
            "min": -13900.6806640625,
            "max": 48920.953125,
            "count": 100
        },
        "FTG_ten_00.Environment.CumulativeReward.mean": {
            "value": 88.7029288702929,
            "min": -72.45017584994139,
            "max": 89.57055214723927,
            "count": 100
        },
        "FTG_ten_00.Environment.CumulativeReward.sum": {
            "value": 42400.0,
            "min": -61800.0,
            "max": 44000.0,
            "count": 100
        },
        "FTG_ten_00.Policy.ExtrinsicReward.mean": {
            "value": 88.7029288702929,
            "min": -72.45017584994139,
            "max": 89.57055214723927,
            "count": 100
        },
        "FTG_ten_00.Policy.ExtrinsicReward.sum": {
            "value": 42400.0,
            "min": -61800.0,
            "max": 44000.0,
            "count": 100
        },
        "FTG_ten_00.Losses.PolicyLoss.mean": {
            "value": 0.024380922981848317,
            "min": 0.018344215370404225,
            "max": 0.02646929939898352,
            "count": 100
        },
        "FTG_ten_00.Losses.PolicyLoss.sum": {
            "value": 0.1219046149092416,
            "min": 0.08236366446750859,
            "max": 0.1323464969949176,
            "count": 100
        },
        "FTG_ten_00.Losses.ValueLoss.mean": {
            "value": 186.98995086669922,
            "min": 88.91552014668784,
            "max": 1144.2662523905437,
            "count": 100
        },
        "FTG_ten_00.Losses.ValueLoss.sum": {
            "value": 934.9497543334961,
            "min": 444.57760073343917,
            "max": 4577.065009562175,
            "count": 100
        },
        "FTG_ten_00.Policy.LearningRate.mean": {
            "value": 1.7623594125799956e-06,
            "min": 1.7623594125799956e-06,
            "max": 0.000298461825512725,
            "count": 100
        },
        "FTG_ten_00.Policy.LearningRate.sum": {
            "value": 8.811797062899978e-06,
            "min": 8.811797062899978e-06,
            "max": 0.0014784349271883598,
            "count": 100
        },
        "FTG_ten_00.Policy.Epsilon.mean": {
            "value": 0.10058742000000002,
            "min": 0.10058742000000002,
            "max": 0.19948727500000002,
            "count": 100
        },
        "FTG_ten_00.Policy.Epsilon.sum": {
            "value": 0.5029371000000001,
            "min": 0.40604348000000007,
            "max": 0.9928116399999999,
            "count": 100
        },
        "FTG_ten_00.Policy.Beta.mean": {
            "value": 3.931225799999993e-05,
            "min": 3.931225799999993e-05,
            "max": 0.004974415022499999,
            "count": 100
        },
        "FTG_ten_00.Policy.Beta.sum": {
            "value": 0.00019656128999999964,
            "min": 0.00019656128999999964,
            "max": 0.024641300835999996,
            "count": 100
        },
        "FTG_ten_00.IsTraining.mean": {
            "value": 1.0,
            "min": 1.0,
            "max": 1.0,
            "count": 100
        },
        "FTG_ten_00.IsTraining.sum": {
            "value": 1.0,
            "min": 1.0,
            "max": 1.0,
            "count": 100
        }
    },
    "metadata": {
        "timer_format_version": "0.1.0",
        "start_time_seconds": "1740508051",
        "python_version": "3.8.1rc1 (tags/v3.8.1rc1:b00a2b5, Dec 10 2019, 01:13:53) [MSC v.1916 64 bit (AMD64)]",
        "command_line_arguments": "C:\\Users\\Wilder Reach\\AppData\\Local\\Programs\\Python\\Python38\\Scripts\\mlagents-learn hyperparameters\\configuration_ten_times.yaml --force",
        "mlagents_version": "0.29.0",
        "mlagents_envs_version": "0.29.0",
        "communication_protocol_version": "1.5.0",
        "pytorch_version": "1.7.1+cpu",
        "numpy_version": "1.21.2",
        "end_time_seconds": "1740541059"
    },
    "total": 32915.007761600005,
    "count": 1,
    "self": 0.03184240000700811,
    "children": {
        "run_training.setup": {
            "total": 0.10132739999999996,
            "count": 1,
            "self": 0.10132739999999996
        },
        "TrainerController.start_learning": {
            "total": 32914.8745918,
            "count": 1,
            "self": 85.45323350219405,
            "children": {
                "TrainerController._reset_env": {
                    "total": 18.533119,
                    "count": 1,
                    "self": 18.533119
                },
                "TrainerController.advance": {
                    "total": 32810.80476519781,
                    "count": 5031028,
                    "self": 74.48852339047517,
                    "children": {
                        "env_step": {
                            "total": 31463.57031310316,
                            "count": 5031028,
                            "self": 26440.717808306596,
                            "children": {
                                "SubprocessEnvManager._take_step": {
                                    "total": 4964.0578925002455,
                                    "count": 5031028,
                                    "self": 200.32646529779595,
                                    "children": {
                                        "TorchPolicy.evaluate": {
                                            "total": 4763.73142720245,
                                            "count": 5000044,
                                            "self": 1027.9564928010127,
                                            "children": {
                                                "TorchPolicy.sample_actions": {
                                                    "total": 3735.774934401437,
                                                    "count": 5000044,
                                                    "self": 3735.774934401437
                                                }
                                            }
                                        }
                                    }
                                },
                                "workers": {
                                    "total": 58.79461229631945,
                                    "count": 5031028,
                                    "self": 0.0,
                                    "children": {
                                        "worker_root": {
                                            "total": 32754.78848250258,
                                            "count": 5031028,